state,ccn,facility_name,street_address,city,zip_code,fips_county,provider_subtype,reporting_source,dates_with_missing_data,certified_bed_count,component_hospitals,week_ending,days_at_100%,percentage_of_required_fields_reported,hospital_required_to_report_wed_only,suspend_reason,total_beds,all_adult_hospital_beds,inpatient_beds,all_adult_hospital_inpatient_beds,inpatient_beds_used,all_adult_hospital_inpatient_bed_occupied,total_icu_beds,total_staffed_adult_icu_beds,icu_beds_used,staffed_adult_icu_bed_occupancy,total_ventilators,ventilators_used,total_adult_patients_hospitalized_confirmed_and_suspected_covid,total_adult_patients_hospitalized_confirmed_covid,total_pediatric_patients_hospitalized_confirmed_and_suspected_covid,total_pediatric_patients_hospitalized_confirmed_covid,inpatient_ventilators_used_covid,staffed_icu_adult_patients_confirmed_and_suspected_covid,staffed_icu_adult_patients_confirmed_covid,hospital_onset_covid,overflow_covid,overflow_ventilators_used_covid,deaths_covid,previous_day_admission_adult_covid_confirmed,previous_day_admission_adult_covid_suspected,previous_day_admission_adult_covid_suspected_all,previous_day_admission_adult_covid_confirmed_all,previous_day_admission_pediatric_covid_confirmed,previous_day_admission_pediatric_covid_suspected,previous_day_total_ed_visits,previous_day_covid_ed_visits,total_patients_hospitalized_confirmed_influenza,previous_day_admission_influenza_confirmed,icu_patients_confirmed_influenza,total_patients_hospitalized_confirmed_influenza_and_covid,previous_day_deaths_influenza,previous_day_deaths_covid_and_influenza,previous_day_remdesivir_used,on_hand_supply_remdesivir_vials,critical_staffing_shortage_today,critical_staffing_shortage_anticipated_within_week,ppe_supply_management_source,on_hand_ventilator_supplies_in_days,n95_respirators_days_available,on_hand_supply_of_surgical_masks_in_days,on_hand_supply_of_eye_protection_in_days,on_hand_supply_of_single_use_surgical_gowns_in_days,on_hand_supply_of_gloves_in_days,able_to_obtain_ventilator_supplies,able_to_obtain_ventilator_medications,able_to_obtain_n95_masks,able_to_obtain_paprs,able_to_obtain_surgical_masks,able_to_obtain_eye_protection,able_to_obtain_single_use_gowns,able_to_obtain_gloves,able_to_maintain_ventilator_supplies,able_to_maintain_ventilator_medications,able_to_maintain_n95_masks,able_to_maintain_paprs,able_to_maintain_surgical_masks,able_to_maintain_eye_protection,able_to_maintain_single_use_gowns,able_to_maintain_gloves,able_to_maintain_lab_nasal_pharyngeal_swabs,able_to_maintain_lab_nasal_swabs,able_to_maintain_lab_viral_transport_media,on_hand_supply_therapeutic_a_casirivimab_imdevimab_courses,previous_week_therapeutic_a_casirivimab_imdevimab_courses_used,on_hand_supply_therapeutic_c_bamlanivimab_etesevimab_courses,previous_week_therapeutic_c_bamlanivimab_etesevimab_courses_used,on_hand_supply_therapeutic_b_bamlanivimab_courses,previous_week_therapeutic_b_bamlanivimab_courses_used,previous_week_personnel_covid_vaccinated_doses_administered,total_personnel_covid_vaccinated_doses_none,total_personnel_covid_vaccinated_doses_one,total_personnel_covid_vaccinated_doses_all,total_personnel,previous_week_patients_covid_vaccinated_doses_one,previous_week_patients_covid_vaccinated_doses_all,total_adult_patients_hospitalized_confirmed_influenza ,total_pediatric_patients_hospitalized_confirmed_influenza ,previous_day_admission_adult_influenza_confirmed ,previous_day_admission_pediatric_influenza_confirmed ,staffed_icu_adult_patients_confirmed_influenza ,staffed_icu_pediatric_patients_confirmed_influenza ,total_adult_patients_hospitalized_confirmed_rsv ,total_pediatric_patients_hospitalized_confirmed_rsv ,previous_day_admission_adult_rsv_confirmed ,previous_day_admission_pediatric_rsv_confirmed ,staffed_icu_adult_patients_confirmed_rsv ,staffed_icu_pediatric_patients_confirmed_rsv ,Georeference
CA,050636,PALOMAR MEDICAL CENTER POWAY,15615 POMERADO ROAD,POWAY,92064,6073.0,Short Term,new_nhsn,"['2024-04-17', '2024-04-18', '2024-04-19', '2024-04-20']",95,1,04/20/2024 12:00:00 AM,24,0.8814432989690721,No,silent_workplan,0,0,24,24,24,24,24,24,24,24,0,0,24,24,24,24,24,24,24,24,0,0,0,24,24,24,24,24,24,24,24,24,24,24,0,0,0,0,0,0,0,3,0,3,3,3,3,3,0,0,0,0,0,0,0,0,0,0,3,0,3,3,3,3,0,0,0,,,,,,,,,,,,,,0,0,0,0,0,0,0,0,0,0,0,0,POINT (-117.055440041 32.997059018)
IL,140011,HERRIN HOSPITAL,201 S 14TH ST,HERRIN,62948,17199.0,Short Term,new_nhsn,"['2024-04-16', '2024-04-17', '2024-04-18', '2024-04-19', '2024-04-20']",104,1,04/20/2024 12:00:00 AM,23,0.8391608391608392,No,silent_workplan,23,23,23,23,23,23,23,23,23,23,23,23,23,23,23,23,23,23,23,23,23,23,23,23,23,23,23,23,23,23,23,23,23,23,23,23,23,0,0,23,3,3,3,3,3,3,3,3,3,3,3,3,3,3,3,3,3,3,3,3,3,3,3,3,3,3,3,,,,,,,,,,,,,,0,0,0,0,0,0,0,0,0,0,0,0,POINT (-89.026216012 37.801483985)
IL,140162,ST JOSEPH MEDICAL CENTER,2200 E WASHINGTON,BLOOMINGTON,61701,17113.0,Short Term,new_nhsn,[],180,1,04/20/2024 12:00:00 AM,28,1,No,silent_workplan,0,0,28,28,28,28,28,28,28,28,0,0,28,28,28,28,28,28,28,28,0,0,0,28,28,28,28,28,28,28,28,28,28,28,28,28,28,0,0,28,4,4,0,4,4,4,4,4,4,4,4,4,4,4,4,4,4,4,4,4,4,4,4,4,4,4,4,,,,,,,,,,,,,,0,0,0,0,0,0,0,0,0,0,0,0,POINT (-88.955651619 40.482732351)
CA,051312,MOUNTAINS COMMUNITY HOSPITAL,29101 HOSPITAL ROAD,LAKE ARROWHEAD,92352,6071.0,Critical Access Hospitals,new_nhsn,[],17,1,04/20/2024 12:00:00 AM,28,1,No,silent_workplan,0,0,28,28,28,28,28,28,28,28,0,0,0,28,0,28,0,0,28,0,0,0,0,28,0,0,28,28,0,0,0,28,28,28,0,0,0,0,0,0,4,4,0,4,4,4,4,4,0,0,0,0,0,0,0,0,0,0,4,0,4,4,4,4,0,0,0,,,,,,,,,,,,,,0,0,0,0,0,0,0,0,0,0,0,0,POINT (-117.168549968 34.265423987)
NC,340195,NOVANT HEALTH BALLANTYNE MEDICAL CENTER,10905 PROVIDENCE ROAD W,CHARLOTTE,28277,37119.0,Short Term,N/A,"['2024-03-24', '2024-03-25', '2024-03-26', '2024-03-27', '2024-03-28', '2024-03-29', '2024-03-30', '2024-03-31', '2024-04-01', '2024-04-02', '2024-04-03', '2024-04-04', '2024-04-05', '2024-04-06', '2024-04-07', '2024-04-08', '2024-04-09', '2024-04-10', '2024-04-11', '2024-04-12', '2024-04-13', '2024-04-14', '2024-04-15', '2024-04-16', '2024-04-17', '2024-04-18', '2024-04-19', '2024-04-20']",36,,04/20/2024 12:00:00 AM,0,0,No,silent_workplan,0,0,0,0,0,0,0,0,0,0,0,0,0,0,0,0,0,0,0,0,0,0,0,0,0,0,0,0,0,0,0,0,0,0,0,0,0,0,0,0,0,0,0,0,0,0,0,0,0,0,0,0,0,0,0,0,0,0,0,0,0,0,0,0,0,0,0,,,,,,,,,,,,,,0,0,0,0,0,0,0,0,0,0,0,0,POINT (-80.844483547 35.04138356)
AR,040085,HELENA REGIONAL MEDICAL CENTER,1801 MARTIN LUTHER KING JR DRIVE,HELENA,72342,5107.0,Short Term,N/A,"['2024-03-24', '2024-03-25', '2024-03-26', '2024-03-27', '2024-03-28', '2024-03-29', '2024-03-30', '2024-03-31', '2024-04-01', '2024-04-02', '2024-04-03', '2024-04-04', '2024-04-05', '2024-04-06', '2024-04-07', '2024-04-08', '2024-04-09', '2024-04-10', '2024-04-11', '2024-04-12', '2024-04-13', '2024-04-14', '2024-04-15', '2024-04-16', '2024-04-17', '2024-04-18', '2024-04-19', '2024-04-20']",48,,04/20/2024 12:00:00 AM,0,0,No,silent_workplan,0,0,0,0,0,0,0,0,0,0,0,0,0,0,0,0,0,0,0,0,0,0,0,0,0,0,0,0,0,0,0,0,0,0,0,0,0,0,0,0,0,0,0,0,0,0,0,0,0,0,0,0,0,0,0,0,0,0,0,0,0,0,0,0,0,0,0,,,,,,,,,,,,,,0,0,0,0,0,0,0,0,0,0,0,0,POINT (-90.627282481 34.510094968)
TX,670320,EAST HOUSTON MEDICAL CENTER,15149 WALLISVILLE ROAD,HOUSTON,77049,48201.0,Short Term,N/A,"['2024-03-24', '2024-03-25', '2024-03-26', '2024-03-27', '2024-03-28', '2024-03-29', '2024-03-30', '2024-03-31', '2024-04-01', '2024-04-02', '2024-04-03', '2024-04-04', '2024-04-05', '2024-04-06', '2024-04-07', '2024-04-08', '2024-04-09', '2024-04-10', '2024-04-11', '2024-04-12', '2024-04-13', '2024-04-14', '2024-04-15', '2024-04-16', '2024-04-17', '2024-04-18', '2024-04-19', '2024-04-20']",4,,04/20/2024 12:00:00 AM,0,0,No,silent_workplan,0,0,0,0,0,0,0,0,0,0,0,0,0,0,0,0,0,0,0,0,0,0,0,0,0,0,0,0,0,0,0,0,0,0,0,0,0,0,0,0,0,0,0,0,0,0,0,0,0,0,0,0,0,0,0,0,0,0,0,0,0,0,0,0,0,0,0,,,,,,,,,,,,,,0,0,0,0,0,0,0,0,0,0,0,0,POINT (-95.170329993 29.807860991)
AZ,030114,ORO VALLEY HOSPITAL,1551 EAST TANGERINE ROAD,ORO VALLEY,85755,4019.0,Short Term,N/A,"['2024-03-24', '2024-03-25', '2024-03-26', '2024-03-27', '2024-03-28', '2024-03-29', '2024-03-30', '2024-03-31', '2024-04-01', '2024-04-02', '2024-04-03', '2024-04-04', '2024-04-05', '2024-04-06', '2024-04-07', '2024-04-08', '2024-04-09', '2024-04-10', '2024-04-11', '2024-04-12', '2024-04-13', '2024-04-14', '2024-04-15', '2024-04-16', '2024-04-17', '2024-04-18', '2024-04-19', '2024-04-20']",146,,04/20/2024 12:00:00 AM,0,0,No,silent_workplan,0,0,0,0,0,0,0,0,0,0,0,0,0,0,0,0,0,0,0,0,0,0,0,0,0,0,0,0,0,0,0,0,0,0,0,0,0,0,0,0,0,0,0,0,0,0,0,0,0,0,0,0,0,0,0,0,0,0,0,0,0,0,0,0,0,0,0,,,,,,,,,,,,,,0,0,0,0,0,0,0,0,0,0,0,0,POINT (-110.949348384 32.428471065)
CA,050180,JOHN MUIR MEDICAL CENTER - WALNUT CREEK CAMPUS,1601 YGNACIO VALLEY RD,WALNUT CREEK,94598,6013.0,Short Term,new_nhsn,"['2024-04-19', '2024-04-20']",296,1,04/20/2024 12:00:00 AM,26,0.9611486486486487,No,silent_workplan,26,26,26,26,26,26,26,26,26,26,26,26,26,26,26,26,26,26,26,26,26,26,26,26,26,26,26,26,26,26,26,26,26,26,26,26,0,0,0,0,0,4,0,4,4,4,4,4,0,0,0,0,0,0,0,0,0,0,4,0,4,4,4,4,0,0,0,,,,,,,,,,,,,,0,0,0,0,0,0,0,0,0,0,0,0,POINT (-122.040918014 37.913076998)
KS,171342,RUSH COUNTY MEMORIAL HOSPITAL,801 LOCUST ST,LA CROSSE,67548,20165.0,Critical Access Hospitals,N/A,"['2024-03-24', '2024-03-25', '2024-03-26', '2024-03-27', '2024-03-28', '2024-03-29', '2024-03-30', '2024-03-31', '2024-04-01', '2024-04-02', '2024-04-03', '2024-04-04', '2024-04-05', '2024-04-06', '2024-04-07', '2024-04-08', '2024-04-09', '2024-04-10', '2024-04-11', '2024-04-12', '2024-04-13', '2024-04-14', '2024-04-15', '2024-04-16', '2024-04-17', '2024-04-18', '2024-04-19', '2024-04-20']",24,,04/20/2024 12:00:00 AM,0,0,No,silent_workplan,0,0,0,0,0,0,0,0,0,0,0,0,0,0,0,0,0,0,0,0,0,0,0,0,0,0,0,0,0,0,0,0,0,0,0,0,0,0,0,0,0,0,0,0,0,0,0,0,0,0,0,0,0,0,0,0,0,0,0,0,0,0,0,0,0,0,0,,,,,,,,,,,,,,0,0,0,0,0,0,0,0,0,0,0,0,POINT (-99.317081961 38.53060001)
IL,140300,PROVIDENT HOSPITAL OF CHICAGO,500 E 51ST ST,CHICAGO,60615,17031.0,Short Term,new_nhsn,"['2024-03-27', '2024-04-09', '2024-04-10', '2024-04-11', '2024-04-12', '2024-04-13']",222,1,04/20/2024 12:00:00 AM,22,0.8247422680412371,No,silent_workplan,22,22,22,22,22,22,22,22,22,22,22,22,22,22,22,22,22,22,22,22,22,22,22,22,22,22,22,22,22,22,22,22,22,22,22,22,22,22,0,22,2,2,0,2,2,2,2,2,2,2,2,2,2,2,2,2,2,2,2,2,2,2,2,2,0,0,0,,,,,,,,,,,,,,0,0,0,0,0,0,0,0,0,0,0,0,POINT (-87.61361102 41.802638984)
GA,110011,TANNER MEDICAL CENTER - CARROLLTON,705 DIXIE STREET,CARROLLTON,30117,13045.0,Short Term,new_nhsn,"['2024-04-01', '2024-04-02', '2024-04-03', '2024-04-04', '2024-04-05', '2024-04-06', '2024-04-07', '2024-04-12', '2024-04-13', '2024-04-14', '2024-04-15', '2024-04-16', '2024-04-17', '2024-04-18', '2024-04-19', '2024-04-20']",182,1,04/20/2024 12:00:00 AM,12,0.46114864864864863,No,silent_workplan,0,0,12,12,12,12,12,12,12,12,0,0,0,12,0,12,0,0,12,0,0,0,0,12,0,0,12,12,0,8,8,12,12,12,1,0,0,0,0,0,2,2,0,2,2,2,2,2,0,0,0,0,0,0,0,0,0,0,2,0,2,2,2,2,0,0,0,,,,,,,,,,,,,,0,0,0,0,0,0,0,0,0,0,0,0,POINT (-85.074299958 33.569777991)
IL,140124,JOHN H STROGER JR HOSPITAL,1901 W HARRISON ST,CHICAGO,60612,17031.0,Short Term,new_nhsn,"['2024-03-27', '2024-04-09', '2024-04-10', '2024-04-11', '2024-04-12', '2024-04-13']",918,1,04/20/2024 12:00:00 AM,22,0.8247422680412371,No,silent_workplan,22,22,22,22,22,22,22,22,22,22,22,22,22,22,22,22,22,22,22,22,22,22,22,22,22,22,22,22,22,22,22,22,22,22,22,22,22,22,0,22,2,2,0,2,2,2,2,2,2,2,2,2,2,2,2,2,2,2,2,2,2,2,2,2,0,0,0,,,,,,,,,,,,,,0,0,0,0,0,0,0,0,0,0,0,0,POINT (-87.67414898 41.873451984)
GA,110209,TURNING POINT HOSPITAL,3015 VETERANS PARKWAY,MOULTRIE,31788,13071.0,Short Term,N/A,"['2024-03-24', '2024-03-25', '2024-03-26', '2024-03-27', '2024-03-28', '2024-03-29', '2024-03-30', '2024-03-31', '2024-04-01', '2024-04-02', '2024-04-03', '2024-04-04', '2024-04-05', '2024-04-06', '2024-04-07', '2024-04-08', '2024-04-09', '2024-04-10', '2024-04-11', '2024-04-12', '2024-04-13', '2024-04-14', '2024-04-15', '2024-04-16', '2024-04-17', '2024-04-18', '2024-04-19', '2024-04-20']",69,,04/20/2024 12:00:00 AM,0,0,No,silent_workplan,0,0,0,0,0,0,0,0,0,0,0,0,0,0,0,0,0,0,0,0,0,0,0,0,0,0,0,0,0,0,0,0,0,0,0,0,0,0,0,0,0,0,0,0,0,0,0,0,0,0,0,0,0,0,0,0,0,0,0,0,0,0,0,0,0,0,0,,,,,,,,,,,,,,0,0,0,0,0,0,0,0,0,0,0,0,POINT (-83.771463029 31.12808798)
IL,142010,RML HEALTH PROVIDERS LIMITED PARTNERSHIP,5601 S COUNTY LINE RD,HINSDALE,60521,17031.0,Long Term,new_nhsn,"['2024-04-17', '2024-04-18', '2024-04-19', '2024-04-20']",189,2,04/20/2024 12:00:00 AM,24,0.8665540540540541,No,silent_workplan,0,0,24,24,24,24,24,24,24,24,0,0,0,24,0,24,0,0,24,0,0,0,0,24,0,0,24,24,0,0,0,24,24,24,0,0,0,0,0,0,3,3,0,3,3,3,3,3,0,0,0,0,0,0,0,0,0,0,3,0,3,3,3,3,0,0,0,,,,,,,,,,,,,,0,0,0,0,0,0,0,0,0,0,0,0,POINT (-87.915040016 41.786006983)
IL,141321,FRANKLIN HOSPITAL,201 BAILEY LANE,BENTON,62812,17055.0,Critical Access Hospitals,new_nhsn,"['2024-04-11', '2024-04-12', '2024-04-13', '2024-04-14', '2024-04-15', '2024-04-16', '2024-04-17', '2024-04-18', '2024-04-19', '2024-04-20']",16,1,04/20/2024 12:00:00 AM,18,0.6722972972972973,No,silent_workplan,0,0,18,18,18,18,18,18,18,18,0,0,0,18,0,18,0,0,18,0,0,0,0,18,0,0,18,18,0,0,0,18,18,18,0,0,0,0,0,0,3,3,0,3,3,3,3,3,0,0,0,0,0,0,0,0,0,0,3,0,3,3,3,3,0,0,0,,,,,,,,,,,,,,0,0,0,0,0,0,0,0,0,0,0,0,POINT (-88.918306971 38.010089019)
KS,171353,PHILLIPS COUNTY HEALTH SYSTEMS,1150 STATE STREET,PHILLIPSBURG,67661,20147.0,Critical Access Hospitals,new_nhsn,"['2024-04-18', '2024-04-19', '2024-04-20']",25,1,04/20/2024 12:00:00 AM,25,0.9222972972972973,No,silent_workplan,0,0,25,25,25,25,25,25,25,25,0,0,0,25,0,25,0,0,25,0,0,0,0,25,0,0,25,25,0,0,0,25,25,25,0,0,0,0,0,0,4,4,0,4,4,4,4,4,0,0,0,0,0,0,0,0,0,0,4,0,4,4,4,4,0,0,0,,,,,,,,,,,,,,0,0,0,0,0,0,0,0,0,0,0,0,POINT (-99.313286971 39.755253019)
OR,381310,PIONEER MEMORIAL HOSPITAL,564 E PIONEER DRIVE,HEPPNER,97836,41049.0,Critical Access Hospitals,N/A,"['2024-03-24', '2024-03-25', '2024-03-26', '2024-03-27', '2024-03-28', '2024-03-29', '2024-03-30', '2024-03-31', '2024-04-01', '2024-04-02', '2024-04-03', '2024-04-04', '2024-04-05', '2024-04-06', '2024-04-07', '2024-04-08', '2024-04-09', '2024-04-10', '2024-04-11', '2024-04-12', '2024-04-13', '2024-04-14', '2024-04-15', '2024-04-16', '2024-04-17', '2024-04-18', '2024-04-19', '2024-04-20']",21,,04/20/2024 12:00:00 AM,0,0,No,silent_workplan,0,0,0,0,0,0,0,0,0,0,0,0,0,0,0,0,0,0,0,0,0,0,0,0,0,0,0,0,0,0,0,0,0,0,0,0,0,0,0,0,0,0,0,0,0,0,0,0,0,0,0,0,0,0,0,0,0,0,0,0,0,0,0,0,0,0,0,,,,,,,,,,,,,,0,0,0,0,0,0,0,0,0,0,0,0,POINT (-119.548674021 45.355869017)
GA,112017,"LANDMARK HOSPITAL OF ATHENS, LLC",775 SUNSET DRIVE,ATHENS,30606,13059.0,Long Term,new_nhsn,"['2024-03-24', '2024-03-25', '2024-03-26', '2024-03-27', '2024-03-28', '2024-03-29', '2024-03-30', '2024-03-31', '2024-04-01', '2024-04-02', '2024-04-03', '2024-04-04', '2024-04-05', '2024-04-06', '2024-04-07', '2024-04-08', '2024-04-09', '2024-04-10', '2024-04-11', '2024-04-12', '2024-04-13', '2024-04-14', '2024-04-15', '2024-04-16', '2024-04-17', '2024-04-18']",42,1,04/20/2024 12:00:00 AM,2,0.0777027027027027,No,silent_workplan,2,2,2,2,2,2,2,2,2,2,2,2,2,2,2,2,2,2,2,2,2,2,2,2,2,2,2,2,2,2,2,2,2,2,0,0,0,0,0,0,0,0,0,0,0,0,0,0,0,0,0,0,0,0,0,0,0,0,0,0,0,0,0,0,0,0,0,,,,,,,,,,,,,,2,2,2,2,2,2,2,2,2,2,2,2,POINT (-83.411670003 33.966414008)
PA,390326,ST LUKE'S HOSPITAL - ANDERSON CAMPUS,1872 ST LUKE'S BLVD,EASTON,18045,42095.0,Short Term,new_nhsn,"['2024-03-24', '2024-03-25', '2024-03-26', '2024-03-28', '2024-03-30']",160,1,04/20/2024 12:00:00 AM,23,0.8445945945945946,No,silent_workplan,0,0,23,23,23,23,23,23,23,23,15,15,15,23,15,23,15,15,23,15,0,0,0,23,15,15,23,23,15,15,15,23,23,23,0,0,0,0,0,0,4,4,0,4,4,4,4,4,0,0,3,0,3,3,3,3,0,0,4,0,4,4,4,4,0,0,0,,,,,,,,,,,,,,0,0,0,0,0,0,15,15,15,15,15,15,POINT (-75.287859037 40.648900983)
MA,220051,NORTH ADAMS REGIONAL HOSPITAL,71 HOSPITAL AVENUE,NORTH ADAMS,1247,25003.0,Short Term,N/A,"['2024-03-24', '2024-03-25', '2024-03-26', '2024-03-27', '2024-03-28', '2024-03-29', '2024-03-30', '2024-03-31', '2024-04-01', '2024-04-02', '2024-04-03', '2024-04-04', '2024-04-05', '2024-04-06', '2024-04-07', '2024-04-08', '2024-04-09', '2024-04-10', '2024-04-11', '2024-04-12', '2024-04-13', '2024-04-14', '2024-04-15', '2024-04-16', '2024-04-17', '2024-04-18', '2024-04-19', '2024-04-20']",109,,04/20/2024 12:00:00 AM,0,0,No,silent_workplan,0,0,0,0,0,0,0,0,0,0,0,0,0,0,0,0,0,0,0,0,0,0,0,0,0,0,0,0,0,0,0,0,0,0,0,0,0,0,0,0,0,0,0,0,0,0,0,0,0,0,0,0,0,0,0,0,0,0,0,0,0,0,0,0,0,0,0,,,,,,,,,,,,,,0,0,0,0,0,0,0,0,0,0,0,0,POINT (-73.109190172 42.706909796)
UT,461306,GUNNISON VALLEY HOSPITAL,64 EAST 100 NORTH,GUNNISON,84634,49039.0,Critical Access Hospitals,new_nhsn,[],25,1,04/20/2024 12:00:00 AM,28,1,No,silent_workplan,0,0,28,28,28,28,28,28,28,28,0,0,0,28,0,28,0,0,28,0,0,0,0,28,0,0,28,28,0,0,0,28,28,28,0,0,0,0,0,0,4,4,0,4,4,4,4,4,0,0,0,0,0,0,0,0,0,0,4,0,4,4,4,4,0,0,0,,,,,,,,,,,,,,0,0,0,0,0,0,0,0,0,0,0,0,POINT (-111.816396002 39.156214995)
AR,041326,DELTA MEMORIAL HOSPITAL,811 HIGHWAY 65 SOUTH,DUMAS,71639,5041.0,Critical Access Hospitals,new_nhsn,[],25,1,04/20/2024 12:00:00 AM,28,1,No,silent_workplan,0,0,28,28,28,28,28,28,28,28,0,0,28,28,28,28,28,28,28,28,0,0,0,28,28,28,28,28,28,28,28,28,28,28,0,0,0,0,0,0,4,4,0,4,4,4,4,4,0,0,0,0,0,0,0,0,0,0,4,0,4,4,4,4,0,0,0,,,,,,,,,,,,,,0,0,0,0,0,0,0,0,0,0,0,0,POINT (-91.480555111 33.873142704)
OK,370244,COUNCIL OAK COMPREHENSIVE HEALTHCARE,10109 E 79TH ST,TULSA,74133,40143.0,Short Term,N/A,"['2024-03-24', '2024-03-25', '2024-03-26', '2024-03-27', '2024-03-28', '2024-03-29', '2024-03-30', '2024-03-31', '2024-04-01', '2024-04-02', '2024-04-03', '2024-04-04', '2024-04-05', '2024-04-06', '2024-04-07', '2024-04-08', '2024-04-09', '2024-04-10', '2024-04-11', '2024-04-12', '2024-04-13', '2024-04-14', '2024-04-15', '2024-04-16', '2024-04-17', '2024-04-18', '2024-04-19', '2024-04-20']",40,,04/20/2024 12:00:00 AM,0,0,No,silent_workplan,0,0,0,0,0,0,0,0,0,0,0,0,0,0,0,0,0,0,0,0,0,0,0,0,0,0,0,0,0,0,0,0,0,0,0,0,0,0,0,0,0,0,0,0,0,0,0,0,0,0,0,0,0,0,0,0,0,0,0,0,0,0,0,0,0,0,0,,,,,,,,,,,,,,0,0,0,0,0,0,0,0,0,0,0,0,POINT (-95.863382041 36.051508983)
AZ,030148,NORTHWEST MEDICAL CENTER SAHUARITA,16260 SOUTH RANCHO SAHUARITA BOULEVARD,SAHUARITA,85629,4019.0,Short Term,N/A,"['2024-03-24', '2024-03-25', '2024-03-26', '2024-03-27', '2024-03-28', '2024-03-29', '2024-03-30', '2024-03-31', '2024-04-01', '2024-04-02', '2024-04-03', '2024-04-04', '2024-04-05', '2024-04-06', '2024-04-07', '2024-04-08', '2024-04-09', '2024-04-10', '2024-04-11', '2024-04-12', '2024-04-13', '2024-04-14', '2024-04-15', '2024-04-16', '2024-04-17', '2024-04-18', '2024-04-19', '2024-04-20']",18,,04/20/2024 12:00:00 AM,0,0,No,silent_workplan,0,0,0,0,0,0,0,0,0,0,0,0,0,0,0,0,0,0,0,0,0,0,0,0,0,0,0,0,0,0,0,0,0,0,0,0,0,0,0,0,0,0,0,0,0,0,0,0,0,0,0,0,0,0,0,0,0,0,0,0,0,0,0,0,0,0,0,,,,,,,,,,,,,,0,0,0,0,0,0,0,0,0,0,0,0,POINT (-110.985218571 31.955864789)
LA,190302,"OMEGA HOSPITAL, LLC",2525 SEVERN AVENUE,METAIRIE,70002,22051.0,Short Term,N/A,"['2024-03-24', '2024-03-25', '2024-03-26', '2024-03-27', '2024-03-28', '2024-03-29', '2024-03-30', '2024-03-31', '2024-04-01', '2024-04-02', '2024-04-03', '2024-04-04', '2024-04-05', '2024-04-06', '2024-04-07', '2024-04-08', '2024-04-09', '2024-04-10', '2024-04-11', '2024-04-12', '2024-04-13', '2024-04-14', '2024-04-15', '2024-04-16', '2024-04-17', '2024-04-18', '2024-04-19', '2024-04-20']",16,,04/20/2024 12:00:00 AM,0,0,No,silent_workplan,0,0,0,0,0,0,0,0,0,0,0,0,0,0,0,0,0,0,0,0,0,0,0,0,0,0,0,0,0,0,0,0,0,0,0,0,0,0,0,0,0,0,0,0,0,0,0,0,0,0,0,0,0,0,0,0,0,0,0,0,0,0,0,0,0,0,0,,,,,,,,,,,,,,0,0,0,0,0,0,0,0,0,0,0,0,POINT (-90.159205995 29.999158988)
AZ,030010,ST. MARY'S HOSPITAL,1601 WEST ST MARY'S ROAD,TUCSON,85745,4019.0,Short Term,new_nhsn,"['2024-04-05', '2024-04-09', '2024-04-20']",400,1,04/20/2024 12:00:00 AM,25,1,No,silent_workplan,25,25,25,25,25,25,25,25,25,25,25,25,25,25,25,25,25,25,25,25,25,25,25,25,25,25,25,25,25,25,25,25,25,25,25,25,25,25,25,25,4,4,4,4,4,4,4,4,4,4,4,4,4,4,4,4,4,4,4,4,4,4,4,4,4,4,4,,,,,,,,,,,,,,0,0,0,0,0,0,0,0,0,0,0,0,POINT (-111.000080691 32.228202253)
TN,440239,SELECT SPECIALTY HOSPITAL - WEST TENNESSEE,620 SKYLINE DRIVE 5TH & 6TH FLOORS,JACKSON,38301,47113.0,Short Term,N/A,"['2024-03-24', '2024-03-25', '2024-03-26', '2024-03-27', '2024-03-28', '2024-03-29', '2024-03-30', '2024-03-31', '2024-04-01', '2024-04-02', '2024-04-03', '2024-04-04', '2024-04-05', '2024-04-06', '2024-04-07', '2024-04-08', '2024-04-09', '2024-04-10', '2024-04-11', '2024-04-12', '2024-04-13', '2024-04-14', '2024-04-15', '2024-04-16', '2024-04-17', '2024-04-18', '2024-04-19', '2024-04-20']",50,,04/20/2024 12:00:00 AM,0,0,No,silent_workplan,0,0,0,0,0,0,0,0,0,0,0,0,0,0,0,0,0,0,0,0,0,0,0,0,0,0,0,0,0,0,0,0,0,0,0,0,0,0,0,0,0,0,0,0,0,0,0,0,0,0,0,0,0,0,0,0,0,0,0,0,0,0,0,0,0,0,0,,,,,,,,,,,,,,0,0,0,0,0,0,0,0,0,0,0,0,POINT (-88.831356964 35.637209991)
GA,111329,ST MARY'S GOOD SAMARITAN HOSPITAL,5401 LAKE OCONEE PARKWAY,GREENSBORO,30642,13133.0,Critical Access Hospitals,N/A,"['2024-03-24', '2024-03-25', '2024-03-26', '2024-03-27', '2024-03-28', '2024-03-29', '2024-03-30', '2024-03-31', '2024-04-01', '2024-04-02', '2024-04-03', '2024-04-04', '2024-04-05', '2024-04-06', '2024-04-07', '2024-04-08', '2024-04-09', '2024-04-10', '2024-04-11', '2024-04-12', '2024-04-13', '2024-04-14', '2024-04-15', '2024-04-16', '2024-04-17', '2024-04-18', '2024-04-19', '2024-04-20']",25,,04/20/2024 12:00:00 AM,0,0,No,silent_workplan,0,0,0,0,0,0,0,0,0,0,0,0,0,0,0,0,0,0,0,0,0,0,0,0,0,0,0,0,0,0,0,0,0,0,0,0,0,0,0,0,0,0,0,0,0,0,0,0,0,0,0,0,0,0,0,0,0,0,0,0,0,0,0,0,0,0,0,,,,,,,,,,,,,,0,0,0,0,0,0,0,0,0,0,0,0,POINT (-83.24233804 33.48161902)
ND,351307,ST ANDREWS HEALTH CENTER - CAH,316 OHMER STREET,BOTTINEAU,58318,38009.0,Critical Access Hospitals,N/A,"['2024-03-24', '2024-03-25', '2024-03-26', '2024-03-27', '2024-03-28', '2024-03-29', '2024-03-30', '2024-03-31', '2024-04-01', '2024-04-02', '2024-04-03', '2024-04-04', '2024-04-05', '2024-04-06', '2024-04-07', '2024-04-08', '2024-04-09', '2024-04-10', '2024-04-11', '2024-04-12', '2024-04-13', '2024-04-14', '2024-04-15', '2024-04-16', '2024-04-17', '2024-04-18', '2024-04-19', '2024-04-20']",25,,04/20/2024 12:00:00 AM,0,0,No,silent_workplan,0,0,0,0,0,0,0,0,0,0,0,0,0,0,0,0,0,0,0,0,0,0,0,0,0,0,0,0,0,0,0,0,0,0,0,0,0,0,0,0,0,0,0,0,0,0,0,0,0,0,0,0,0,0,0,0,0,0,0,0,0,0,0,0,0,0,0,,,,,,,,,,,,,,0,0,0,0,0,0,0,0,0,0,0,0,POINT (-100.450076973 48.829119014)
CA,052033,VIBRA HOSPITAL OF SACRAMENTO,330 MONTROSE DRIVE,FOLSOM,95630,6067.0,Long Term,new_nhsn,[],58,1,04/20/2024 12:00:00 AM,28,1,No,silent_workplan,0,0,28,28,28,28,28,28,28,28,0,0,28,28,28,28,28,28,28,28,0,0,0,28,28,28,28,28,28,28,28,28,28,28,0,0,0,0,0,0,4,4,0,4,4,4,4,4,0,0,4,0,4,4,4,4,0,0,4,4,4,4,4,4,0,0,0,,,,,,,,,,,,,,0,0,0,0,0,0,0,0,0,0,0,0,POINT (-121.158941808 38.681256421)
IL,140049,WEST SUBURBAN MEDICAL CENTER,3 ERIE COURT,OAK PARK,60302,17031.0,Short Term,new_nhsn,"['2024-04-01', '2024-04-02', '2024-04-03', '2024-04-04', '2024-04-05', '2024-04-06', '2024-04-07', '2024-04-08', '2024-04-09', '2024-04-10', '2024-04-11', '2024-04-12', '2024-04-13', '2024-04-14', '2024-04-15', '2024-04-16', '2024-04-17', '2024-04-18', '2024-04-19', '2024-04-20']",287,1,04/20/2024 12:00:00 AM,8,0.28885135135135137,No,silent_workplan,0,0,8,8,8,8,8,8,8,8,0,0,0,8,0,8,0,0,8,0,0,0,0,8,0,0,8,8,0,0,0,8,8,8,0,0,0,0,0,0,1,1,0,1,1,1,1,1,0,0,0,0,0,0,0,0,0,0,1,0,1,1,1,1,0,0,0,,,,,,,,,,,,,,0,0,0,0,0,0,0,0,0,0,0,0,POINT (-87.776179038 41.891401998)
MO,261310,SCOTLAND COUNTY  HOSPITAL,450 E SIGLER AVENUE,MEMPHIS,63555,29199.0,Critical Access Hospitals,new_nhsn,"['2024-04-19', '2024-04-20']",25,1,04/20/2024 12:00:00 AM,26,0.9604810996563574,No,silent_workplan,1,0,26,26,26,26,26,26,26,26,0,0,0,26,0,26,0,0,26,0,0,0,0,26,0,0,26,26,0,0,0,26,26,26,0,0,0,0,0,0,4,4,0,4,4,4,4,4,0,0,0,0,0,0,0,0,0,0,4,0,4,4,4,4,0,0,0,,,,,,,,,,,,,,0,0,0,0,0,0,0,0,0,0,0,0,POINT (-92.167050322 40.465857107)
CA,050115,PALOMAR HEALTH DOWNTOWN CAMPUS,555 EAST VALLEY PARKWAY,ESCONDIDO,92025,6073.0,Short Term,new_nhsn,"['2024-04-17', '2024-04-18', '2024-04-19', '2024-04-20']",583,1,04/20/2024 12:00:00 AM,24,0.8814432989690721,No,silent_workplan,0,0,24,24,24,24,24,24,24,24,0,0,24,24,24,24,24,24,24,24,0,0,0,24,24,24,24,24,24,24,24,24,24,24,0,0,0,0,0,0,0,3,0,3,3,3,3,3,0,0,0,0,0,0,0,0,0,0,3,0,3,3,3,3,0,0,0,,,,,,,,,,,,,,0,0,0,0,0,0,0,0,0,0,0,0,POINT (-117.07528998 33.12513299)
IL,143300,ANN & ROBERT H LURIE CHILDRENS HOSPITAL OF CHICAGO,"225 E CHICAGO AVE, BOX 140",CHICAGO,60611,17031.0,Childrens Hospitals,new_nhsn,"['2024-03-24', '2024-03-25', '2024-03-26']",262,1,04/20/2024 12:00:00 AM,25,0.9222972972972973,No,silent_workplan,25,25,25,25,25,25,25,25,25,25,25,25,25,25,25,25,25,25,25,25,25,25,25,25,25,25,25,25,25,25,25,25,25,25,25,25,25,25,0,25,4,4,4,4,4,4,4,4,4,4,4,4,4,4,4,4,4,4,4,4,4,4,4,4,4,4,4,,,,,,,,,,,,,,3,3,3,3,3,3,3,3,3,3,3,3,POINT (-87.621775999 41.896454986)
OR,380033,SACRED HEART UNIVERSITY DISTRICT,1255 HILYARD STREET,EUGENE,97401,41039.0,Short Term,N/A,"['2024-03-24', '2024-03-25', '2024-03-26', '2024-03-27', '2024-03-28', '2024-03-29', '2024-03-30', '2024-03-31', '2024-04-01', '2024-04-02', '2024-04-03', '2024-04-04', '2024-04-05', '2024-04-06', '2024-04-07', '2024-04-08', '2024-04-09', '2024-04-10', '2024-04-11', '2024-04-12', '2024-04-13', '2024-04-14', '2024-04-15', '2024-04-16', '2024-04-17', '2024-04-18', '2024-04-19', '2024-04-20']",104,,04/20/2024 12:00:00 AM,0,0,No,silent_workplan,0,0,0,0,0,0,0,0,0,0,0,0,0,0,0,0,0,0,0,0,0,0,0,0,0,0,0,0,0,0,0,0,0,0,0,0,0,0,0,0,0,0,0,0,0,0,0,0,0,0,0,0,0,0,0,0,0,0,0,0,0,0,0,0,0,0,0,,,,,,,,,,,,,,0,0,0,0,0,0,0,0,0,0,0,0,POINT (-123.081259971 44.046485989)
CA,050496,JOHN MUIR MEDICAL CENTER - CONCORD CAMPUS,2540 EAST ST,CONCORD,94520,6013.0,Short Term,new_nhsn,"['2024-04-19', '2024-04-20']",303,1,04/20/2024 12:00:00 AM,26,0.9611486486486487,No,silent_workplan,26,26,26,26,26,26,26,26,26,26,26,26,26,26,26,26,26,26,26,26,26,26,26,26,26,26,26,26,26,26,26,26,26,26,26,26,0,0,0,0,0,4,0,4,4,4,4,4,0,0,0,0,0,0,0,0,0,0,4,0,4,4,4,4,0,0,0,,,,,,,,,,,,,,0,0,0,0,0,0,0,0,0,0,0,0,POINT (-122.033420988 37.983280005)
IL,140210,HARRISBURG MEDICAL CENTER,100 DOCTOR WARREN TUTTLE DR,HARRISBURG,62946,17165.0,Short Term,new_nhsn,"['2024-04-16', '2024-04-17', '2024-04-18', '2024-04-19', '2024-04-20']",78,1,04/20/2024 12:00:00 AM,23,0.8277027027027027,No,silent_workplan,23,23,23,23,23,23,23,23,23,23,23,23,23,23,23,23,23,23,23,23,23,23,23,23,23,23,23,23,23,23,23,23,23,23,23,23,23,0,0,23,3,3,3,3,3,3,3,3,3,3,3,3,3,3,3,3,3,3,3,3,3,3,3,3,3,3,3,,,,,,,,,,,,,,0,0,0,0,0,0,0,0,0,0,0,0,POINT (-88.570069991 37.724843089)
OK,370089,NORTHEASTERN HEALTH SYSTEM,1400 EAST DOWNING STREET,TAHLEQUAH,74465,40021.0,Short Term,new_nhsn,"['2024-03-24', '2024-03-25', '2024-03-26', '2024-03-27', '2024-03-28', '2024-03-29', '2024-03-30', '2024-03-31', '2024-04-02', '2024-04-03', '2024-04-04', '2024-04-05', '2024-04-06', '2024-04-07', '2024-04-08', '2024-04-09', '2024-04-10', '2024-04-13', '2024-04-14', '2024-04-15', '2024-04-16', '2024-04-17', '2024-04-18', '2024-04-19', '2024-04-20']",98,1,04/20/2024 12:00:00 AM,3,0.11855670103092783,No,silent_workplan,0,0,3,3,3,3,3,3,3,3,0,0,0,3,0,3,0,0,3,0,0,0,0,3,3,0,3,3,0,0,0,3,3,3,0,0,0,0,0,0,0,0,0,0,0,0,0,0,0,0,0,0,0,0,0,0,0,0,0,0,0,0,0,0,0,0,0,,,,,,,,,,,,,,3,3,3,3,3,3,3,3,3,3,3,3,POINT (-94.949818968 35.915217016)
IL,140082,LOUIS A WEISS MEMORIAL HOSPITAL,4646 N MARINE DRIVE,CHICAGO,60640,17031.0,Short Term,new_nhsn,"['2024-04-01', '2024-04-02', '2024-04-03', '2024-04-04', '2024-04-05', '2024-04-06', '2024-04-07', '2024-04-08', '2024-04-09', '2024-04-10', '2024-04-11', '2024-04-12', '2024-04-13', '2024-04-14', '2024-04-15', '2024-04-16', '2024-04-17', '2024-04-18', '2024-04-19', '2024-04-20']",236,1,04/20/2024 12:00:00 AM,8,0.28885135135135137,No,silent_workplan,0,0,8,8,8,8,8,8,8,8,0,0,0,8,0,8,0,0,8,0,0,0,0,8,0,0,8,8,0,0,0,8,8,8,0,0,0,0,0,0,1,1,0,1,1,1,1,1,0,0,0,0,0,0,0,0,0,0,1,0,1,1,1,1,0,0,0,,,,,,,,,,,,,,0,0,0,0,0,0,0,0,0,0,0,0,POINT (-87.649604002 41.966700993)
IL,141316,HOOPESTON COMMUNITY MEMORIAL HOSPITAL,701 EAST ORANGE STREET,HOOPESTON,60942,17183.0,Critical Access Hospitals,new_nhsn,"['2024-04-09', '2024-04-10', '2024-04-11', '2024-04-12', '2024-04-13', '2024-04-14', '2024-04-15', '2024-04-16', '2024-04-17', '2024-04-18', '2024-04-19', '2024-04-20']",23,1,04/20/2024 12:00:00 AM,16,0.5777027027027027,No,silent_workplan,0,0,16,16,16,16,16,16,16,16,0,0,0,16,0,16,0,0,16,0,0,0,0,16,0,0,16,16,0,0,0,16,16,16,0,0,0,0,0,0,2,2,0,2,2,2,2,2,0,0,0,0,0,0,0,0,0,0,2,0,2,2,2,2,0,0,0,,,,,,,,,,,,,,0,0,0,0,0,0,0,0,0,0,0,0,POINT (-87.660099989 40.458488995)
MA,222027,NEW ENGLAND SINAI HOSPITAL,150 YORK STREET,STOUGHTON,2072,25021.0,Long Term,N/A,"['2024-03-24', '2024-03-25', '2024-03-26', '2024-03-27', '2024-03-28', '2024-03-29', '2024-03-30', '2024-03-31', '2024-04-01', '2024-04-02', '2024-04-03', '2024-04-04', '2024-04-05', '2024-04-06', '2024-04-07', '2024-04-08', '2024-04-09', '2024-04-10', '2024-04-11', '2024-04-12', '2024-04-13', '2024-04-14', '2024-04-15', '2024-04-16', '2024-04-17', '2024-04-18', '2024-04-19', '2024-04-20']",212,,04/20/2024 12:00:00 AM,0,0,No,silent_workplan,0,0,0,0,0,0,0,0,0,0,0,0,0,0,0,0,0,0,0,0,0,0,0,0,0,0,0,0,0,0,0,0,0,0,0,0,0,0,0,0,0,0,0,0,0,0,0,0,0,0,0,0,0,0,0,0,0,0,0,0,0,0,0,0,0,0,0,,,,,,,,,,,,,,0,0,0,0,0,0,0,0,0,0,0,0,POINT (-71.098764376 42.144630902)
CA,050746,ORANGE COUNTY GLOBAL MEDICAL CENTER,1001 NORTH TUSTIN AVENUE,SANTA ANA,92705,6059.0,Short Term,new_nhsn,"['2024-04-10', '2024-04-11', '2024-04-12', '2024-04-13', '2024-04-14', '2024-04-15', '2024-04-16', '2024-04-17', '2024-04-18', '2024-04-19', '2024-04-20']",282,1,04/20/2024 12:00:00 AM,17,0.6165540540540541,No,silent_workplan,0,0,17,17,17,17,17,17,17,17,0,0,0,17,0,17,0,0,17,0,0,0,0,17,0,0,17,17,0,0,0,17,17,17,0,0,0,0,0,0,2,2,0,2,2,2,2,2,0,0,0,0,0,0,0,0,0,0,2,0,2,2,2,2,0,0,0,,,,,,,,,,,,,,0,0,0,0,0,0,0,0,0,0,0,0,POINT (-117.83301101 33.753652011)
CO,062014,VIBRA HOSPITAL OF DENVER,8451 PEARL ST,THORNTON,80229,8001.0,Long Term,N/A,"['2024-03-24', '2024-03-25', '2024-03-26', '2024-03-27', '2024-03-28', '2024-03-29', '2024-03-30', '2024-03-31', '2024-04-01', '2024-04-02', '2024-04-03', '2024-04-04', '2024-04-05', '2024-04-06', '2024-04-07', '2024-04-08', '2024-04-09', '2024-04-10', '2024-04-11', '2024-04-12', '2024-04-13', '2024-04-14', '2024-04-15', '2024-04-16', '2024-04-17', '2024-04-18', '2024-04-19', '2024-04-20']",54,,04/20/2024 12:00:00 AM,0,0,No,silent_workplan,0,0,0,0,0,0,0,0,0,0,0,0,0,0,0,0,0,0,0,0,0,0,0,0,0,0,0,0,0,0,0,0,0,0,0,0,0,0,0,0,0,0,0,0,0,0,0,0,0,0,0,0,0,0,0,0,0,0,0,0,0,0,0,0,0,0,0,,,,,,,,,,,,,,0,0,0,0,0,0,0,0,0,0,0,0,POINT (-104.980395979 39.850426009)
IL,141311,FAIRFIELD MEMORIAL HOSPITAL 1,303 N W 11TH STREET,FAIRFIELD,62837,17191.0,Critical Access Hospitals,new_nhsn,[],15,1,04/20/2024 12:00:00 AM,28,1,No,silent_workplan,0,0,28,28,28,28,28,28,28,28,0,0,0,28,0,28,0,0,28,0,0,0,0,28,0,0,28,28,0,0,0,28,28,28,0,0,0,0,0,0,4,4,0,4,4,4,4,4,0,0,0,0,0,0,0,0,0,0,4,0,4,4,4,4,0,0,0,,,,,,,,,,,,,,1,0,1,0,1,0,0,0,0,0,0,0,POINT (-88.374564028 38.381848009)
KY,180139,KENTUCKY RIVER MEDICAL CENTER,540 JETT DRIVE,JACKSON,41339,21025.0,Short Term,new_nhsn,"['2024-03-27', '2024-03-29', '2024-04-04', '2024-04-05', '2024-04-06', '2024-04-07', '2024-04-08', '2024-04-09', '2024-04-10', '2024-04-11', '2024-04-12', '2024-04-13', '2024-04-14', '2024-04-15', '2024-04-16', '2024-04-17', '2024-04-18', '2024-04-19', '2024-04-20']",55,1,04/20/2024 12:00:00 AM,9,0.36655405405405406,No,silent_workplan,0,0,9,9,9,9,9,9,9,9,0,0,0,9,0,9,0,0,9,0,0,0,0,9,0,0,9,9,0,0,0,9,9,9,0,0,0,0,0,0,1,1,0,1,1,1,1,1,0,0,0,0,0,0,0,0,0,0,1,0,1,1,1,1,0,0,0,,,,,,,,,,,,,,0,0,0,0,0,0,0,0,0,0,0,0,POINT (-83.369638027 37.565942992)
GA,111324,CHATUGE REGIONAL HOSPITAL,110 S MAIN STREET,HIAWASSEE,30546,13281.0,Critical Access Hospitals,N/A,"['2024-03-24', '2024-03-25', '2024-03-26', '2024-03-27', '2024-03-28', '2024-03-29', '2024-03-30', '2024-03-31', '2024-04-01', '2024-04-02', '2024-04-03', '2024-04-04', '2024-04-05', '2024-04-06', '2024-04-07', '2024-04-08', '2024-04-09', '2024-04-10', '2024-04-11', '2024-04-12', '2024-04-13', '2024-04-14', '2024-04-15', '2024-04-16', '2024-04-17', '2024-04-18', '2024-04-19', '2024-04-20']",25,,04/20/2024 12:00:00 AM,0,0,No,silent_workplan,0,0,0,0,0,0,0,0,0,0,0,0,0,0,0,0,0,0,0,0,0,0,0,0,0,0,0,0,0,0,0,0,0,0,0,0,0,0,0,0,0,0,0,0,0,0,0,0,0,0,0,0,0,0,0,0,0,0,0,0,0,0,0,0,0,0,0,,,,,,,,,,,,,,0,0,0,0,0,0,0,0,0,0,0,0,POINT (-83.753713008 34.946536014)
NE,280059,TWELVE CLANS UNITY HOSPITAL,225 S BLUFF STREET,WINNEBAGO,68071,31173.0,Short Term,N/A,"['2024-03-24', '2024-03-25', '2024-03-26', '2024-03-27', '2024-03-28', '2024-03-29', '2024-03-30', '2024-03-31', '2024-04-01', '2024-04-02', '2024-04-03', '2024-04-04', '2024-04-05', '2024-04-06', '2024-04-07', '2024-04-08', '2024-04-09', '2024-04-10', '2024-04-11', '2024-04-12', '2024-04-13', '2024-04-14', '2024-04-15', '2024-04-16', '2024-04-17', '2024-04-18', '2024-04-19', '2024-04-20']",13,,04/20/2024 12:00:00 AM,0,0,No,silent_workplan,0,0,0,0,0,0,0,0,0,0,0,0,0,0,0,0,0,0,0,0,0,0,0,0,0,0,0,0,0,0,0,0,0,0,0,0,0,0,0,0,0,0,0,0,0,0,0,0,0,0,0,0,0,0,0,0,0,0,0,0,0,0,0,0,0,0,0,,,,,,,,,,,,,,0,0,0,0,0,0,0,0,0,0,0,0,POINT (-96.471920723 42.231385632)
CA,050350,ADVENTIST HEALTH WHITE MEMORIAL MONTEBELLO,309 W BEVERLY BLVD,MONTEBELLO,90640,6037.0,Short Term,N/A,"['2024-03-24', '2024-03-25', '2024-03-26', '2024-03-27', '2024-03-28', '2024-03-29', '2024-03-30', '2024-03-31', '2024-04-01', '2024-04-02', '2024-04-03', '2024-04-04', '2024-04-05', '2024-04-06', '2024-04-07', '2024-04-08', '2024-04-09', '2024-04-10', '2024-04-11', '2024-04-12', '2024-04-13', '2024-04-14', '2024-04-15', '2024-04-16', '2024-04-17', '2024-04-18', '2024-04-19', '2024-04-20']",214,,04/20/2024 12:00:00 AM,0,0,No,silent_workplan,0,0,0,0,0,0,0,0,0,0,0,0,0,0,0,0,0,0,0,0,0,0,0,0,0,0,0,0,0,0,0,0,0,0,0,0,0,0,0,0,0,0,0,0,0,0,0,0,0,0,0,0,0,0,0,0,0,0,0,0,0,0,0,0,0,0,0,,,,,,,,,,,,,,0,0,0,0,0,0,0,0,0,0,0,0,POINT (-118.100648028 34.015019994)
IL,143301,LARABIDA CHILDRENS HOSPITAL I,E 65TH ST AT LAKE MICHIGAN,CHICAGO,60649,17031.0,Childrens Hospitals,N/A,"['2024-03-24', '2024-03-25', '2024-03-26', '2024-03-27', '2024-03-28', '2024-03-29', '2024-03-30', '2024-03-31', '2024-04-01', '2024-04-02', '2024-04-03', '2024-04-04', '2024-04-05', '2024-04-06', '2024-04-07', '2024-04-08', '2024-04-09', '2024-04-10', '2024-04-11', '2024-04-12', '2024-04-13', '2024-04-14', '2024-04-15', '2024-04-16', '2024-04-17', '2024-04-18', '2024-04-19', '2024-04-20']",77,,04/20/2024 12:00:00 AM,0,0,No,silent_workplan,0,0,0,0,0,0,0,0,0,0,0,0,0,0,0,0,0,0,0,0,0,0,0,0,0,0,0,0,0,0,0,0,0,0,0,0,0,0,0,0,0,0,0,0,0,0,0,0,0,0,0,0,0,0,0,0,0,0,0,0,0,0,0,0,0,0,0,,,,,,,,,,,,,,0,0,0,0,0,0,0,0,0,0,0,0,POINT (-87.605050736 41.776773327)
IL,141334,ST JOSEPH MEMORIAL HOSPITAL,2 SOUTH HOSPITAL DRIVE,MURPHYSBORO,62966,17077.0,Critical Access Hospitals,new_nhsn,"['2024-04-16', '2024-04-17', '2024-04-18', '2024-04-19', '2024-04-20']",25,1,04/20/2024 12:00:00 AM,23,0.8277027027027027,No,silent_workplan,23,23,23,23,23,23,23,23,23,23,23,23,23,23,23,23,23,23,23,23,23,23,23,23,23,23,23,23,23,23,23,23,23,23,23,23,23,0,0,23,3,3,3,3,3,3,3,3,3,3,3,3,3,3,3,3,3,3,3,3,3,3,3,3,3,3,3,,,,,,,,,,,,,,0,0,0,0,0,0,0,0,0,0,0,0,POINT (-89.324606987 37.773741017)
TX,452057,NEXUS SPECIALTY HOSPITAL THE WOODLANDS,9182 SIX PINES DRIVE,THE WOODLANDS,77380,48339.0,Long Term,N/A,"['2024-03-24', '2024-03-25', '2024-03-26', '2024-03-27', '2024-03-28', '2024-03-29', '2024-03-30', '2024-03-31', '2024-04-01', '2024-04-02', '2024-04-03', '2024-04-04', '2024-04-05', '2024-04-06', '2024-04-07', '2024-04-08', '2024-04-09', '2024-04-10', '2024-04-11', '2024-04-12', '2024-04-13', '2024-04-14', '2024-04-15', '2024-04-16', '2024-04-17', '2024-04-18', '2024-04-19', '2024-04-20']",75,,04/20/2024 12:00:00 AM,0,0,No,silent_workplan,0,0,0,0,0,0,0,0,0,0,0,0,0,0,0,0,0,0,0,0,0,0,0,0,0,0,0,0,0,0,0,0,0,0,0,0,0,0,0,0,0,0,0,0,0,0,0,0,0,0,0,0,0,0,0,0,0,0,0,0,0,0,0,0,0,0,0,,,,,,,,,,,,,,0,0,0,0,0,0,0,0,0,0,0,0,POINT (-95.460665038 30.172365988)
PA,390204,NAZARETH HOSPITAL,2601 HOLME AVE,PHILADELPHIA,19152,42101.0,Short Term,new_nhsn,"['2024-04-11', '2024-04-12', '2024-04-13', '2024-04-14', '2024-04-15', '2024-04-16', '2024-04-17', '2024-04-18', '2024-04-19', '2024-04-20']",185,1,04/20/2024 12:00:00 AM,18,0.6722972972972973,No,silent_workplan,0,0,18,18,18,18,18,18,18,18,18,18,18,18,18,18,18,18,18,18,0,0,0,18,18,18,18,18,18,0,18,18,18,18,0,0,0,0,0,0,3,3,0,3,3,3,3,3,0,0,0,0,3,3,3,3,0,0,3,0,3,3,3,3,0,0,0,,,,,,,,,,,,,,0,0,0,0,0,0,0,0,0,0,0,0,POINT (-75.041852023 40.058941986)
OK,371331,DRUMRIGHT REGIONAL HOSPITAL,610 WEST BYPASS,DRUMRIGHT,74030,40037.0,Critical Access Hospitals,new_nhsn,[],15,1,04/20/2024 12:00:00 AM,28,1,No,silent_workplan,0,0,28,28,28,28,28,28,28,28,0,0,0,28,0,28,0,0,28,0,1,1,1,28,26,26,28,28,26,26,26,28,28,28,2,2,2,0,0,0,4,4,0,4,4,4,4,4,0,0,0,0,0,0,0,0,0,0,4,0,4,4,4,4,0,0,0,,,,,,,,,,,,,,0,0,0,0,0,0,0,0,0,0,0,0,POINT (-96.606020004 35.998070997)
AZ,031309,SAGE MEMORIAL HOSPITAL,HIGHWAY 264 WEST AND 191 SOUTH,GANADO,86505,4001.0,Critical Access Hospitals,N/A,"['2024-03-24', '2024-03-25', '2024-03-26', '2024-03-27', '2024-03-28', '2024-03-29', '2024-03-30', '2024-03-31', '2024-04-01', '2024-04-02', '2024-04-03', '2024-04-04', '2024-04-05', '2024-04-06', '2024-04-07', '2024-04-08', '2024-04-09', '2024-04-10', '2024-04-11', '2024-04-12', '2024-04-13', '2024-04-14', '2024-04-15', '2024-04-16', '2024-04-17', '2024-04-18', '2024-04-19', '2024-04-20']",25,,04/20/2024 12:00:00 AM,0,0,No,silent_workplan,0,0,0,0,0,0,0,0,0,0,0,0,0,0,0,0,0,0,0,0,0,0,0,0,0,0,0,0,0,0,0,0,0,0,0,0,0,0,0,0,0,0,0,0,0,0,0,0,0,0,0,0,0,0,0,0,0,0,0,0,0,0,0,0,0,0,0,,,,,,,,,,,,,,0,0,0,0,0,0,0,0,0,0,0,0,POINT (-109.625930027 35.753429982)
IL,140164,MEMORIAL HOSPITAL OF CARBONDALE,405 W JACKSON,CARBONDALE,62901,17077.0,Short Term,new_nhsn,"['2024-04-16', '2024-04-17', '2024-04-18', '2024-04-19', '2024-04-20']",140,1,04/20/2024 12:00:00 AM,23,0.8277027027027027,No,silent_workplan,23,23,23,23,23,23,23,23,23,23,23,23,23,23,23,23,23,23,23,23,23,23,23,23,23,23,23,23,23,23,23,23,23,23,23,23,23,0,0,23,3,3,3,3,3,3,3,3,3,3,3,3,3,3,3,3,3,3,3,3,3,3,3,3,3,3,3,,,,,,,,,,,,,,0,0,0,0,0,0,0,0,0,0,0,0,POINT (-89.221242028 37.727622989)
MS,251302,MONROE REGIONAL HOSPITAL,400 SOUTH CHESTNUT STREET,ABERDEEN,39730,28095.0,Critical Access Hospitals,new_nhsn,"['2024-03-24', '2024-03-26', '2024-03-27', '2024-03-28', '2024-03-29', '2024-03-30', '2024-03-31', '2024-04-02', '2024-04-03', '2024-04-04', '2024-04-05', '2024-04-06', '2024-04-07', '2024-04-09', '2024-04-10', '2024-04-11', '2024-04-12', '2024-04-13', '2024-04-14', '2024-04-15', '2024-04-17', '2024-04-18', '2024-04-19', '2024-04-20']",33,1,04/20/2024 12:00:00 AM,4,0.19256756756756757,No,silent_workplan,0,0,5,5,5,5,5,5,5,5,1,1,0,4,0,5,0,0,5,0,0,0,0,5,1,0,5,5,0,0,0,5,5,5,0,0,0,0,0,0,0,0,0,0,0,0,0,0,0,0,0,0,0,0,0,0,0,0,0,0,0,0,0,0,0,0,0,,,,,,,,,,,,,,0,0,0,0,0,0,0,0,0,0,0,0,POINT (-88.540163026 33.820174985)
AZ,030073,TUBA CITY REGIONAL HEALTH CARE CORPORATION,PO BOX 600,TUBA CITY,86045,4005.0,Short Term,N/A,"['2024-03-24', '2024-03-25', '2024-03-26', '2024-03-27', '2024-03-28', '2024-03-29', '2024-03-30', '2024-03-31', '2024-04-01', '2024-04-02', '2024-04-03', '2024-04-04', '2024-04-05', '2024-04-06', '2024-04-07', '2024-04-08', '2024-04-09', '2024-04-10', '2024-04-11', '2024-04-12', '2024-04-13', '2024-04-14', '2024-04-15', '2024-04-16', '2024-04-17', '2024-04-18', '2024-04-19', '2024-04-20']",103,,04/20/2024 12:00:00 AM,0,0,No,silent_workplan,0,0,0,0,0,0,0,0,0,0,0,0,0,0,0,0,0,0,0,0,0,0,0,0,0,0,0,0,0,0,0,0,0,0,0,0,0,0,0,0,0,0,0,0,0,0,0,0,0,0,0,0,0,0,0,0,0,0,0,0,0,0,0,0,0,0,0,,,,,,,,,,,,,,0,0,0,0,0,0,0,0,0,0,0,0,POINT (-111.23991 36.131265)
PA,390162,ST LUKE'S HOSPITAL - EASTON CAMPUS,250 SOUTH 21ST STREET,EASTON,18042,42095.0,Short Term,new_nhsn,['2024-04-07'],140,1,04/20/2024 12:00:00 AM,27,1,No,silent_workplan,0,0,27,27,27,27,27,27,27,27,24,24,24,27,24,27,24,24,27,24,0,0,0,27,24,24,27,27,24,24,24,27,27,27,0,0,0,0,0,0,4,4,0,4,4,4,4,4,0,0,3,0,3,3,3,3,0,0,4,0,4,4,4,4,0,0,0,,,,,,,,,,,,,,13,13,13,13,13,13,24,24,24,24,24,24,POINT (-75.243513992 40.687084995)
IL,140083,LORETTO HOSPITAL,645 SOUTH CENTRAL AVE,CHICAGO,60644,17031.0,Short Term,new_nhsn,"['2024-04-11', '2024-04-12', '2024-04-13', '2024-04-14', '2024-04-15', '2024-04-16', '2024-04-17', '2024-04-18', '2024-04-19', '2024-04-20']",176,1,04/20/2024 12:00:00 AM,18,0.6722972972972973,No,silent_workplan,0,0,18,18,18,18,18,18,18,18,0,0,0,18,0,18,0,0,18,0,0,0,0,18,0,0,18,18,0,0,0,18,18,18,0,0,0,0,0,0,3,3,0,3,3,3,3,3,0,0,0,0,0,0,0,0,0,0,3,0,3,3,3,3,0,0,0,,,,,,,,,,,,,,0,0,0,0,0,0,0,0,0,0,0,0,POINT (-87.763985967 41.872137995)
IL,141324,FERRELL HOSPITAL COMMUNITY FOUNDATIONS,1201 PINE STREET,ELDORADO,62930,17165.0,Critical Access Hospitals,N/A,"['2024-03-24', '2024-03-25', '2024-03-26', '2024-03-27', '2024-03-28', '2024-03-29', '2024-03-30', '2024-03-31', '2024-04-01', '2024-04-02', '2024-04-03', '2024-04-04', '2024-04-05', '2024-04-06', '2024-04-07', '2024-04-08', '2024-04-09', '2024-04-10', '2024-04-11', '2024-04-12', '2024-04-13', '2024-04-14', '2024-04-15', '2024-04-16', '2024-04-17', '2024-04-18', '2024-04-19', '2024-04-20']",25,,04/20/2024 12:00:00 AM,0,0,No,silent_workplan,0,0,0,0,0,0,0,0,0,0,0,0,0,0,0,0,0,0,0,0,0,0,0,0,0,0,0,0,0,0,0,0,0,0,0,0,0,0,0,0,0,0,0,0,0,0,0,0,0,0,0,0,0,0,0,0,0,0,0,0,0,0,0,0,0,0,0,,,,,,,,,,,,,,0,0,0,0,0,0,0,0,0,0,0,0,POINT (-88.44218302 37.81563599)
MA,220126,NORWOOD HOSPITAL,800 WASHINGTON STREET,NORWOOD,2062,25021.0,Short Term,N/A,"['2024-03-24', '2024-03-25', '2024-03-26', '2024-03-27', '2024-03-28', '2024-03-29', '2024-03-30', '2024-03-31', '2024-04-01', '2024-04-02', '2024-04-03', '2024-04-04', '2024-04-05', '2024-04-06', '2024-04-07', '2024-04-08', '2024-04-09', '2024-04-10', '2024-04-11', '2024-04-12', '2024-04-13', '2024-04-14', '2024-04-15', '2024-04-16', '2024-04-17', '2024-04-18', '2024-04-19', '2024-04-20']",263,,04/20/2024 12:00:00 AM,0,0,No,emergency,0,0,0,0,0,0,0,0,0,0,0,0,0,0,0,0,0,0,0,0,0,0,0,0,0,0,0,0,0,0,0,0,0,0,0,0,0,0,0,0,0,0,0,0,0,0,0,0,0,0,0,0,0,0,0,0,0,0,0,0,0,0,0,0,0,0,0,,,,,,,,,,,,,,0,0,0,0,0,0,0,0,0,0,0,0,POINT (-71.202061358 42.188588242)
CA,051302,SOUTHERN INYO HOSPITAL,501 EAST LOCUST STREET,LONE PINE,93545,6027.0,Critical Access Hospitals,new_nhsn,"['2024-03-24', '2024-03-25', '2024-03-27', '2024-03-28', '2024-03-29', '2024-03-30', '2024-03-31', '2024-04-01', '2024-04-03', '2024-04-04', '2024-04-05', '2024-04-06', '2024-04-07', '2024-04-08', '2024-04-10', '2024-04-11', '2024-04-12', '2024-04-13', '2024-04-14', '2024-04-15', '2024-04-17', '2024-04-18', '2024-04-19', '2024-04-20']",25,1,04/20/2024 12:00:00 AM,4,0.1554054054054054,No,silent_workplan,0,0,4,4,4,4,4,4,4,4,0,0,0,4,0,4,0,0,4,0,0,0,0,4,0,0,4,4,0,0,0,4,4,4,0,0,0,0,0,0,0,0,0,0,0,0,0,0,0,0,0,0,0,0,0,0,0,0,0,0,0,0,0,0,0,0,0,,,,,,,,,,,,,,0,0,0,0,0,0,0,0,0,0,0,0,POINT (-118.057923959 36.609088982)
IL,141343,CRAWFORD MEMORIAL HOSPITAL,1000 NORTH ALLEN STREET,ROBINSON,62454,17033.0,Critical Access Hospitals,new_nhsn,"['2024-04-19', '2024-04-20']",25,1,04/20/2024 12:00:00 AM,26,0.9611486486486487,No,silent_workplan,0,0,26,26,26,26,26,26,26,26,0,0,0,26,0,26,0,0,26,0,0,0,0,26,0,0,26,26,0,0,0,26,26,26,0,0,0,0,0,0,4,4,0,4,4,4,4,4,0,0,0,0,0,0,0,0,0,0,4,0,4,4,4,4,0,0,0,,,,,,,,,,,,,,0,0,0,0,0,0,0,0,0,0,0,0,POINT (-87.75007513 39.013093554)
MS,251327,COPIAH COUNTY MEDICAL CENTER,21790 HIGHWAY 28,HAZLEHURST,39083,28029.0,Critical Access Hospitals,new_nhsn,"['2024-03-25', '2024-03-26', '2024-03-29', '2024-03-31', '2024-04-04']",35,1,04/20/2024 12:00:00 AM,23,0.8834459459459459,No,silent_workplan,0,0,23,23,23,23,23,23,23,23,23,23,0,23,0,23,0,0,23,0,0,0,0,23,23,0,23,23,0,0,0,23,23,23,0,0,0,0,0,0,4,4,0,4,4,4,4,4,0,0,4,0,4,4,4,4,0,0,4,0,4,4,4,4,0,0,0,,,,,,,,,,,,,,0,0,0,0,0,0,0,0,0,0,0,0,POINT (-90.468685518 31.836429628)
CA,050726,STANISLAUS SURGICAL HOSPITAL,1421 OAKDALE ROAD,MODESTO,95355,6099.0,Short Term,new_nhsn,"['2024-04-18', '2024-04-19', '2024-04-20']",23,1,04/20/2024 12:00:00 AM,25,0.9222972972972973,No,silent_workplan,0,0,25,25,25,25,25,25,25,25,0,0,0,25,0,25,0,0,25,0,0,0,0,25,0,0,25,25,0,0,0,25,25,25,0,0,0,0,0,0,4,4,0,4,4,4,4,4,0,0,0,0,0,0,0,0,0,0,4,0,4,4,4,4,0,0,0,,,,,,,,,,,,,,0,0,0,0,0,0,0,0,0,0,0,0,POINT (-120.958508039 37.664797985)
IA,161314,GUTHRIE COUNTY HOSPITAL,710 NORTH 12TH STREET,GUTHRIE CENTER,50115,19077.0,Critical Access Hospitals,new_nhsn,"['2024-04-11', '2024-04-12', '2024-04-13', '2024-04-14', '2024-04-15', '2024-04-16', '2024-04-17', '2024-04-18', '2024-04-19', '2024-04-20']",25,1,04/20/2024 12:00:00 AM,18,0.6722972972972973,No,silent_workplan,0,0,18,18,18,18,18,18,18,18,0,0,0,18,0,18,0,0,18,0,0,0,0,18,0,0,18,18,0,0,0,18,18,18,0,0,0,0,0,0,3,3,0,3,3,3,3,3,0,0,0,0,0,0,0,0,0,0,3,0,3,3,3,3,0,0,0,,,,,,,,,,,,,,0,0,0,0,0,0,0,0,0,0,0,0,POINT (-94.493617962 41.683796002)
CA,050315,KERN MEDICAL CENTER,1700 MOUNT VERNON AVENUE,BAKERSFIELD,93306,6029.0,Short Term,new_nhsn,"['2024-04-05', '2024-04-06', '2024-04-07', '2024-04-08', '2024-04-09', '2024-04-10', '2024-04-11', '2024-04-12', '2024-04-13', '2024-04-14', '2024-04-15', '2024-04-16', '2024-04-17', '2024-04-18', '2024-04-19', '2024-04-20']",222,1,04/20/2024 12:00:00 AM,12,0.46114864864864863,No,silent_workplan,0,0,12,12,12,12,12,12,12,12,0,0,12,12,12,12,12,12,12,0,0,0,0,12,12,12,12,12,12,12,12,12,12,12,0,0,0,0,0,0,2,2,0,2,2,2,2,2,0,0,0,0,0,0,0,0,0,0,2,0,2,2,2,2,0,0,0,,,,,,,,,,,,,,0,0,0,0,0,0,0,0,0,0,0,0,POINT (-118.97075898 35.382553984)
NM,321312,ALTA VISTA REGIONAL HOSPITAL,104 LEGION DRIVE,LAS VEGAS,87701,35047.0,Critical Access Hospitals,new_nhsn,"['2024-03-24', '2024-03-25', '2024-03-26', '2024-03-27', '2024-03-28', '2024-03-29', '2024-03-30', '2024-03-31', '2024-04-01', '2024-04-02', '2024-04-03', '2024-04-04', '2024-04-06', '2024-04-07', '2024-04-08', '2024-04-09', '2024-04-10', '2024-04-11', '2024-04-12', '2024-04-13', '2024-04-14', '2024-04-15', '2024-04-16', '2024-04-17', '2024-04-18', '2024-04-19', '2024-04-20']",62,1,04/20/2024 12:00:00 AM,1,0.05912162162162162,No,silent_workplan,0,0,1,4,1,1,1,4,1,1,0,0,0,1,0,1,0,0,1,0,0,0,0,4,4,0,1,1,0,0,0,1,1,1,0,0,0,0,0,0,0,0,0,0,0,0,0,0,0,0,0,0,0,0,0,0,0,0,0,0,0,0,0,0,0,0,0,,,,,,,,,,,,,,0,0,0,0,0,0,0,0,0,0,0,0,POINT (-105.210801002 35.623396992)
IL,141301,KIRBY MEDICAL CENTER,1000 MEDICAL CENTER DRIVE,MONTICELLO,61856,17147.0,Critical Access Hospitals,new_nhsn,"['2024-04-18', '2024-04-19', '2024-04-20']",16,1,04/20/2024 12:00:00 AM,25,0.9222972972972973,No,silent_workplan,25,25,25,25,25,25,25,25,25,25,25,25,0,25,0,25,0,0,25,2,0,0,2,25,0,0,25,25,0,8,8,25,25,25,25,25,25,25,0,25,4,4,4,4,4,4,4,4,0,0,0,0,0,0,0,0,4,4,4,4,4,4,4,4,4,4,4,,,,,,,,,,,,,,0,0,0,0,0,0,0,0,0,0,0,0,POINT (-88.558927005 40.060551981)
TX,670133,ER TX  MEDICAL CENTER MANSFIELD,1710 US 287 FRONTAGE ROAD,MANSFIELD,76063,48439.0,Short Term,N/A,"['2024-03-24', '2024-03-25', '2024-03-26', '2024-03-27', '2024-03-28', '2024-03-29', '2024-03-30', '2024-03-31', '2024-04-01', '2024-04-02', '2024-04-03', '2024-04-04', '2024-04-05', '2024-04-06', '2024-04-07', '2024-04-08', '2024-04-09', '2024-04-10', '2024-04-11', '2024-04-12', '2024-04-13', '2024-04-14', '2024-04-15', '2024-04-16', '2024-04-17', '2024-04-18', '2024-04-19', '2024-04-20']",10,,04/20/2024 12:00:00 AM,0,0,No,silent_workplan,0,0,0,0,0,0,0,0,0,0,0,0,0,0,0,0,0,0,0,0,0,0,0,0,0,0,0,0,0,0,0,0,0,0,0,0,0,0,0,0,0,0,0,0,0,0,0,0,0,0,0,0,0,0,0,0,0,0,0,0,0,0,0,0,0,0,0,,,,,,,,,,,,,,0,0,0,0,0,0,0,0,0,0,0,0,POINT (-97.101503406 32.534011166)
IL,140206,HUMBOLDT PARK HEALTH,1044 N FRANCISCO AVE,CHICAGO,60622,17031.0,Short Term,new_nhsn,"['2024-04-03', '2024-04-04', '2024-04-05', '2024-04-06', '2024-04-07', '2024-04-08', '2024-04-09', '2024-04-10', '2024-04-11', '2024-04-12', '2024-04-13', '2024-04-14', '2024-04-15', '2024-04-16', '2024-04-17', '2024-04-18', '2024-04-19', '2024-04-20']",270,1,04/20/2024 12:00:00 AM,10,0.37285223367697595,No,silent_workplan,10,10,10,10,10,10,10,10,10,10,10,10,10,10,10,10,10,10,10,10,10,10,10,10,10,10,10,10,10,10,10,10,10,10,10,10,10,10,10,0,0,1,1,1,1,1,1,1,1,1,1,1,1,1,1,1,1,1,1,1,1,1,1,1,1,1,1,,,,,,,,,,,,,,0,0,0,0,0,0,0,0,0,0,0,0,POINT (-87.699637007 41.900779)
GA,111323,OPTIM MEDICAL CENTER - TATTNALL,247 S MAIN STREET,REIDSVILLE,30453,13267.0,Critical Access Hospitals,new_nhsn,"['2024-04-04', '2024-04-05', '2024-04-06', '2024-04-07', '2024-04-08', '2024-04-09', '2024-04-10', '2024-04-11', '2024-04-12', '2024-04-13', '2024-04-14', '2024-04-15', '2024-04-16', '2024-04-17', '2024-04-18', '2024-04-19', '2024-04-20']",25,1,04/20/2024 12:00:00 AM,11,0.4222972972972973,No,silent_workplan,0,0,11,11,11,11,11,11,11,11,0,0,0,11,0,11,0,0,11,0,0,0,0,11,0,0,11,11,0,8,8,11,11,11,0,0,0,0,0,0,2,2,2,2,2,2,2,2,2,2,2,2,2,2,2,2,2,2,2,2,2,2,2,2,2,2,2,,,,,,,,,,,,,,0,0,0,0,0,0,0,0,0,0,0,0,POINT (-82.108996018 32.080531014)
KS,171327,ELLSWORTH COUNTY MEDICAL CENTER,1604 AYLWARD AVENUE,ELLSWORTH,67439,20053.0,Critical Access Hospitals,N/A,"['2024-03-24', '2024-03-25', '2024-03-26', '2024-03-27', '2024-03-28', '2024-03-29', '2024-03-30', '2024-03-31', '2024-04-01', '2024-04-02', '2024-04-03', '2024-04-04', '2024-04-05', '2024-04-06', '2024-04-07', '2024-04-08', '2024-04-09', '2024-04-10', '2024-04-11', '2024-04-12', '2024-04-13', '2024-04-14', '2024-04-15', '2024-04-16', '2024-04-17', '2024-04-18', '2024-04-19', '2024-04-20']",18,,04/20/2024 12:00:00 AM,0,0,No,silent_workplan,0,0,0,0,0,0,0,0,0,0,0,0,0,0,0,0,0,0,0,0,0,0,0,0,0,0,0,0,0,0,0,0,0,0,0,0,0,0,0,0,0,0,0,0,0,0,0,0,0,0,0,0,0,0,0,0,0,0,0,0,0,0,0,0,0,0,0,,,,,,,,,,,,,,0,0,0,0,0,0,0,0,0,0,0,0,POINT (-98.219996029 38.742625992)
FL,102032,LANDMARK HOSPITAL OF SOUTHWEST FLORIDA,"1500 LEE BLVD, 3RD FLOOR",LEHIGH ACRES,33936,12071.0,Long Term,N/A,"['2024-03-24', '2024-03-25', '2024-03-26', '2024-03-27', '2024-03-28', '2024-03-29', '2024-03-30', '2024-03-31', '2024-04-01', '2024-04-02', '2024-04-03', '2024-04-04', '2024-04-05', '2024-04-06', '2024-04-07', '2024-04-08', '2024-04-09', '2024-04-10', '2024-04-11', '2024-04-12', '2024-04-13', '2024-04-14', '2024-04-15', '2024-04-16', '2024-04-17', '2024-04-18', '2024-04-19', '2024-04-20']",50,,04/20/2024 12:00:00 AM,0,0,No,silent_workplan,0,0,0,0,0,0,0,0,0,0,0,0,0,0,0,0,0,0,0,0,0,0,0,0,0,0,0,0,0,0,0,0,0,0,0,0,0,0,0,0,0,0,0,0,0,0,0,0,0,0,0,0,0,0,0,0,0,0,0,0,0,0,0,0,0,0,0,,,,,,,,,,,,,,0,0,0,0,0,0,0,0,0,0,0,0,POINT (-81.65945896 26.615945383)
AZ,031320,SAN CARLOS APACHE HEALTHCARE CORPORATION,103 MEDICINE WAY ROAD,PERIDOT,85542,4007.0,Critical Access Hospitals,new_nhsn,"['2024-03-24', '2024-03-29', '2024-03-30', '2024-03-31', '2024-04-01', '2024-04-02', '2024-04-03', '2024-04-04', '2024-04-05', '2024-04-06', '2024-04-07', '2024-04-09', '2024-04-10', '2024-04-11', '2024-04-12', '2024-04-13', '2024-04-14', '2024-04-15', '2024-04-16', '2024-04-17', '2024-04-18', '2024-04-19', '2024-04-20']",12,1,04/20/2024 12:00:00 AM,5,0.21114864864864866,No,silent_workplan,0,0,5,5,5,5,5,5,5,5,0,0,5,5,5,5,5,5,5,5,0,0,0,5,5,5,5,5,5,5,5,5,5,5,0,0,0,0,0,0,1,1,0,1,1,1,1,1,0,0,1,0,1,1,1,1,0,0,1,0,1,1,1,1,0,0,0,,,,,,,,,,,,,,0,0,0,0,0,0,0,0,0,0,0,0,POINT (-110.420058691 33.294685145)
OK,371307,CIMARRON MEMORIAL HOSPITAL,100 SOUTH ELLIS,BOISE CITY,73933,40025.0,Critical Access Hospitals,N/A,"['2024-03-24', '2024-03-25', '2024-03-26', '2024-03-27', '2024-03-28', '2024-03-29', '2024-03-30', '2024-03-31', '2024-04-01', '2024-04-02', '2024-04-03', '2024-04-04', '2024-04-05', '2024-04-06', '2024-04-07', '2024-04-08', '2024-04-09', '2024-04-10', '2024-04-11', '2024-04-12', '2024-04-13', '2024-04-14', '2024-04-15', '2024-04-16', '2024-04-17', '2024-04-18', '2024-04-19', '2024-04-20']",25,,04/20/2024 12:00:00 AM,0,0,No,silent_workplan,0,0,0,0,0,0,0,0,0,0,0,0,0,0,0,0,0,0,0,0,0,0,0,0,0,0,0,0,0,0,0,0,0,0,0,0,0,0,0,0,0,0,0,0,0,0,0,0,0,0,0,0,0,0,0,0,0,0,0,0,0,0,0,0,0,0,0,,,,,,,,,,,,,,0,0,0,0,0,0,0,0,0,0,0,0,POINT (-102.517611515 36.728752714)
KY,180128,THREE RIVERS MEDICAL CENTER,2485 HIGHWAY 644,LOUISA,41230,21127.0,Short Term,N/A,"['2024-03-24', '2024-03-25', '2024-03-26', '2024-03-27', '2024-03-28', '2024-03-29', '2024-03-30', '2024-03-31', '2024-04-01', '2024-04-02', '2024-04-03', '2024-04-04', '2024-04-05', '2024-04-06', '2024-04-07', '2024-04-08', '2024-04-09', '2024-04-10', '2024-04-11', '2024-04-12', '2024-04-13', '2024-04-14', '2024-04-15', '2024-04-16', '2024-04-17', '2024-04-18', '2024-04-19', '2024-04-20']",90,,04/20/2024 12:00:00 AM,0,0,No,silent_workplan,0,0,0,0,0,0,0,0,0,0,0,0,0,0,0,0,0,0,0,0,0,0,0,0,0,0,0,0,0,0,0,0,0,0,0,0,0,0,0,0,0,0,0,0,0,0,0,0,0,0,0,0,0,0,0,0,0,0,0,0,0,0,0,0,0,0,0,,,,,,,,,,,,,,0,0,0,0,0,0,0,0,0,0,0,0,POINT (-82.604994971 38.09237102)
PA,390258,ST MARY MEDICAL CENTER,LANGHORNE-NEWTOWN RD,LANGHORNE,19047,42017.0,Short Term,new_nhsn,"['2024-04-11', '2024-04-12', '2024-04-13', '2024-04-14', '2024-04-15', '2024-04-16', '2024-04-17', '2024-04-18', '2024-04-19', '2024-04-20']",287,1,04/20/2024 12:00:00 AM,18,0.6722972972972973,No,silent_workplan,0,0,18,18,18,18,18,18,18,18,18,18,18,18,18,18,18,18,18,18,0,0,0,18,18,18,18,18,18,0,18,18,18,18,0,0,0,0,0,0,3,3,0,3,3,3,3,3,0,0,0,0,3,3,3,3,0,0,3,0,3,3,3,3,0,0,0,,,,,,,,,,,,,,0,0,0,0,0,0,0,0,0,0,0,0,POINT (-74.929775765 40.204046086)
IL,140084,VISTA MEDICAL CENTER EAST,1324 NORTH SHERIDAN ROAD,WAUKEGAN,60085,17097.0,Short Term,new_nhsn,"['2024-04-15', '2024-04-16', '2024-04-17', '2024-04-18', '2024-04-19', '2024-04-20']",388,1,04/20/2024 12:00:00 AM,22,0.7888513513513513,No,silent_workplan,0,0,22,22,22,22,22,22,22,22,0,0,0,22,0,22,0,0,22,0,0,0,0,22,0,0,22,22,0,0,0,22,22,22,0,0,0,0,0,0,3,3,0,3,3,3,3,3,0,0,0,0,0,0,0,0,0,0,3,0,3,3,3,3,0,0,0,,,,,,,,,,,,,,0,0,0,0,0,0,0,0,0,0,0,0,POINT (-87.832361258 42.378189868)
HI,120004,WAHIAWA GENERAL HOSPITAL,128 LEHUA STREET,WAHIAWA,96786,15003.0,Short Term,N/A,"['2024-03-24', '2024-03-25', '2024-03-26', '2024-03-27', '2024-03-28', '2024-03-29', '2024-03-30', '2024-03-31', '2024-04-01', '2024-04-02', '2024-04-03', '2024-04-04', '2024-04-05', '2024-04-06', '2024-04-07', '2024-04-08', '2024-04-09', '2024-04-10', '2024-04-11', '2024-04-12', '2024-04-13', '2024-04-14', '2024-04-15', '2024-04-16', '2024-04-17', '2024-04-18', '2024-04-19', '2024-04-20']",53,,04/20/2024 12:00:00 AM,0,0,No,silent_workplan,0,0,0,0,0,0,0,0,0,0,0,0,0,0,0,0,0,0,0,0,0,0,0,0,0,0,0,0,0,0,0,0,0,0,0,0,0,0,0,0,0,0,0,0,0,0,0,0,0,0,0,0,0,0,0,0,0,0,0,0,0,0,0,0,0,0,0,,,,,,,,,,,,,,0,0,0,0,0,0,0,0,0,0,0,0,POINT (-158.026313017 21.498973999)
IL,141348,RED BUD REGIONAL HOSPITAL,325 SPRING STREET,RED BUD,62278,17157.0,Critical Access Hospitals,new_nhsn,"['2024-03-24', '2024-03-25', '2024-03-26', '2024-03-27', '2024-03-29', '2024-03-30', '2024-03-31', '2024-04-01', '2024-04-02', '2024-04-03', '2024-04-05', '2024-04-06', '2024-04-07', '2024-04-08', '2024-04-09', '2024-04-10', '2024-04-12', '2024-04-13', '2024-04-14', '2024-04-15', '2024-04-16', '2024-04-17', '2024-04-19', '2024-04-20']",25,1,04/20/2024 12:00:00 AM,4,0.1554054054054054,No,silent_workplan,0,0,4,4,4,4,4,4,4,4,0,0,0,4,0,4,0,0,4,0,0,0,0,4,0,0,4,4,0,0,0,4,4,4,0,0,0,0,0,0,0,0,0,0,0,0,0,0,0,0,0,0,0,0,0,0,0,0,0,0,0,0,0,0,0,0,0,,,,,,,,,,,,,,1,1,1,1,1,1,1,1,1,1,1,0,POINT (-89.997304003 38.20924702)
CA,051305,MAYERS MEMORIAL HOSPITAL,43563 HWY 299 EAST,FALL RIVER MILLS,96028,6089.0,Critical Access Hospitals,new_nhsn,"['2024-03-24', '2024-03-25', '2024-03-27', '2024-03-28', '2024-03-29', '2024-03-30', '2024-03-31', '2024-04-01', '2024-04-03', '2024-04-04', '2024-04-05', '2024-04-06', '2024-04-07', '2024-04-08', '2024-04-10', '2024-04-11', '2024-04-12', '2024-04-13', '2024-04-14', '2024-04-15', '2024-04-17', '2024-04-18', '2024-04-19', '2024-04-20']",22,1,04/20/2024 12:00:00 AM,4,0.1554054054054054,No,silent_workplan,0,0,4,4,4,4,4,4,4,4,0,0,0,4,0,4,0,0,4,0,0,0,0,4,0,0,4,4,0,0,0,4,4,4,0,0,0,0,0,0,0,0,0,0,0,0,0,0,0,0,0,0,0,0,0,0,0,0,0,0,0,0,0,0,0,0,0,,,,,,,,,,,,,,0,0,0,0,0,0,0,0,0,0,0,0,POINT (-121.423957973 41.023671004)
AZ,030085,NORTHWEST MEDICAL CENTER,6200 NORTH LA CHOLLA BOULEVARD,TUCSON,85741,4019.0,Short Term,N/A,"['2024-03-24', '2024-03-25', '2024-03-26', '2024-03-27', '2024-03-28', '2024-03-29', '2024-03-30', '2024-03-31', '2024-04-01', '2024-04-02', '2024-04-03', '2024-04-04', '2024-04-05', '2024-04-06', '2024-04-07', '2024-04-08', '2024-04-09', '2024-04-10', '2024-04-11', '2024-04-12', '2024-04-13', '2024-04-14', '2024-04-15', '2024-04-16', '2024-04-17', '2024-04-18', '2024-04-19', '2024-04-20']",300,,04/20/2024 12:00:00 AM,0,0,No,silent_workplan,0,0,0,0,0,0,0,0,0,0,0,0,0,0,0,0,0,0,0,0,0,0,0,0,0,0,0,0,0,0,0,0,0,0,0,0,0,0,0,0,0,0,0,0,0,0,0,0,0,0,0,0,0,0,0,0,0,0,0,0,0,0,0,0,0,0,0,,,,,,,,,,,,,,0,0,0,0,0,0,0,0,0,0,0,0,POINT (-111.009951304 32.320322973)
OR,382004,VIBRA SPECIALTY HOSPITAL OF PORTLAND,10300 NE HANCOCK STREET,PORTLAND,97220,41051.0,Long Term,N/A,"['2024-03-24', '2024-03-25', '2024-03-26', '2024-03-27', '2024-03-28', '2024-03-29', '2024-03-30', '2024-03-31', '2024-04-01', '2024-04-02', '2024-04-03', '2024-04-04', '2024-04-05', '2024-04-06', '2024-04-07', '2024-04-08', '2024-04-09', '2024-04-10', '2024-04-11', '2024-04-12', '2024-04-13', '2024-04-14', '2024-04-15', '2024-04-16', '2024-04-17', '2024-04-18', '2024-04-19', '2024-04-20']",73,,04/20/2024 12:00:00 AM,0,0,No,silent_workplan,0,0,0,0,0,0,0,0,0,0,0,0,0,0,0,0,0,0,0,0,0,0,0,0,0,0,0,0,0,0,0,0,0,0,0,0,0,0,0,0,0,0,0,0,0,0,0,0,0,0,0,0,0,0,0,0,0,0,0,0,0,0,0,0,0,0,0,,,,,,,,,,,,,,0,0,0,0,0,0,0,0,0,0,0,0,POINT (-122.556356025 45.535773996)
IL,141323,MASSAC MEMORIAL HOSPITAL,"28 CHICK STREET, PO BOX 850",METROPOLIS,62960,17127.0,Critical Access Hospitals,new_nhsn,[],25,1,04/20/2024 12:00:00 AM,28,1,No,silent_workplan,0,0,28,28,28,28,28,28,28,28,0,0,0,28,0,28,0,0,28,0,0,0,0,28,0,0,28,28,0,0,0,28,28,28,0,0,0,0,0,0,4,4,0,4,4,4,4,4,0,0,0,0,0,0,0,0,0,0,4,0,4,4,4,4,0,0,0,,,,,,,,,,,,,,0,0,0,0,0,0,0,0,0,0,0,0,POINT (-88.739129039 37.166649996)
CA,050678,MEMORIALCARE ORANGE COAST MEDICAL CENTER,9920 TALBERT AVENUE,FOUNTAIN VALLEY,92708,6059.0,Short Term,new_nhsn,"['2024-04-17', '2024-04-18', '2024-04-19', '2024-04-20']",210,1,04/20/2024 12:00:00 AM,24,0.8814432989690721,No,silent_workplan,24,24,24,24,24,24,24,24,24,24,0,0,0,24,0,24,0,0,24,0,0,0,0,24,0,0,24,24,0,24,21,24,24,24,24,24,24,0,0,0,0,3,0,3,3,3,3,3,0,0,0,0,0,0,0,0,0,0,3,0,3,3,3,3,0,0,0,,,,,,,,,,,,,,0,0,0,0,0,0,0,0,0,0,0,0,POINT (-117.955523002 33.700254007)
MS,252013,ALLEGIANCE SPECIALTY HOSPITAL OF GREENVILLE,"300 SOUTH WASHINGTON AVE, 3RD FLOOR",GREENVILLE,38701,28151.0,Long Term,new_nhsn,"['2024-03-28', '2024-03-29', '2024-03-30', '2024-03-31', '2024-04-01', '2024-04-02', '2024-04-03', '2024-04-04', '2024-04-05', '2024-04-06', '2024-04-07', '2024-04-08', '2024-04-09', '2024-04-10', '2024-04-11', '2024-04-12', '2024-04-13', '2024-04-14', '2024-04-15', '2024-04-16', '2024-04-17']",39,1,04/20/2024 12:00:00 AM,7,0.28885135135135137,No,silent_workplan,0,0,7,7,7,7,7,7,7,7,7,7,0,7,0,7,0,0,7,0,0,0,0,7,7,0,7,7,0,0,0,7,7,7,0,0,0,0,0,0,1,1,0,1,1,1,1,1,0,0,1,0,1,1,1,1,0,0,1,0,1,1,1,1,0,0,0,,,,,,,,,,,,,,0,0,0,0,0,0,0,0,0,0,0,0,POINT (-91.051563036 33.404721356)
MA,220052,SIGNATURE HEALTHCARE BROCKTON HOSPITAL,680 CENTER STREET,BROCKTON,2302,25023.0,Short Term,N/A,"['2024-03-24', '2024-03-25', '2024-03-26', '2024-03-27', '2024-03-28', '2024-03-29', '2024-03-30', '2024-03-31', '2024-04-01', '2024-04-02', '2024-04-03', '2024-04-04', '2024-04-05', '2024-04-06', '2024-04-07', '2024-04-08', '2024-04-09', '2024-04-10', '2024-04-11', '2024-04-12', '2024-04-13', '2024-04-14', '2024-04-15', '2024-04-16', '2024-04-17', '2024-04-18', '2024-04-19', '2024-04-20']",205,,04/20/2024 12:00:00 AM,0,0,No,emergency,0,0,0,0,0,0,0,0,0,0,0,0,0,0,0,0,0,0,0,0,0,0,0,0,0,0,0,0,0,0,0,0,0,0,0,0,0,0,0,0,0,0,0,0,0,0,0,0,0,0,0,0,0,0,0,0,0,0,0,0,0,0,0,0,0,0,0,,,,,,,,,,,,,,0,0,0,0,0,0,0,0,0,0,0,0,POINT (-70.991303181 42.087909808)
PA,390278,EAGLEVILLE HOSPITAL,100 EAGLEVILLE RD,EAGLEVILLE,19408,42091.0,Short Term,N/A,"['2024-03-24', '2024-03-25', '2024-03-26', '2024-03-27', '2024-03-28', '2024-03-29', '2024-03-30', '2024-03-31', '2024-04-01', '2024-04-02', '2024-04-03', '2024-04-04', '2024-04-05', '2024-04-06', '2024-04-07', '2024-04-08', '2024-04-09', '2024-04-10', '2024-04-11', '2024-04-12', '2024-04-13', '2024-04-14', '2024-04-15', '2024-04-16', '2024-04-17', '2024-04-18', '2024-04-19', '2024-04-20']",83,,04/20/2024 12:00:00 AM,0,0,No,silent_workplan,0,0,0,0,0,0,0,0,0,0,0,0,0,0,0,0,0,0,0,0,0,0,0,0,0,0,0,0,0,0,0,0,0,0,0,0,0,0,0,0,0,0,0,0,0,0,0,0,0,0,0,0,0,0,0,0,0,0,0,0,0,0,0,0,0,0,0,,,,,,,,,,,,,,0,0,0,0,0,0,0,0,0,0,0,0,POINT (-75.414799021 40.156265982)
